Name,Filter
Banana Cake,Cake
Banana Cake,Dessert
Banana Cake,Contains Fruit
Blueberry Coffee Cake,Cake
Blueberry Coffee Cake,Dessert
Blueberry Coffee Cake,Contains Fruit
Chocolate Cake,Cake
Chocolate Cake,Dessert
Crazy Cake,Cake
Crazy Cake,Dessert
Fresh Apple Cake,Cake
Fresh Apple Cake,Dessert
Fresh Apple Cake,Contains Fruit
Fresh Pear Cake,Cake
Fresh Pear Cake,Dessert
Fresh Pear Cake,Contains Fruit
Graham Cracker Cake,Cake
Graham Cracker Cake,Dessert
Hot Water Chocolate Cake,Cake
Hot Water Chocolate Cake,Dessert
Hungry Bear Cheese Cake,Cake
Hungry Bear Cheese Cake,Dessert
Lemon Poppy Cake,Cake
Lemon Poppy Cake,Dessert
Light Old Fashioned Fruit Cake,Cake
Light Old Fashioned Fruit Cake,Dessert
Light Old Fashioned Fruit Cake,Contains Fruit
My Best Gingerbread,Cake
My Best Gingerbread,Dessert
My Best Gingerbread,Spiced
Oatmeal Cake,Cake
Oatmeal Cake,Dessert
Orange Angel Food Cake,Cake
Orange Angel Food Cake,Dessert
Orange-Poppy Seed Pound Cake,Cake
Orange-Poppy Seed Pound Cake,Dessert
Pineapple Cake,Cake
Pineapple Cake,Dessert
Pineapple Cake,Contains Fruit
Pineapple-Carrot Cake,Cake
Pineapple-Carrot Cake,Dessert
Pineapple-Carrot Cake,Contains Fruit
Potatoe Cake,Cake
Potatoe Cake,Dessert
Refrigerator Cheesecake,Cake
Refrigerator Cheesecake,Dessert
Sherry Wine Cake,Cake
Sherry Wine Cake,Dessert
Sherry Wine Cake,Boozie
Special Prune Cake,Cake
Special Prune Cake,Dessert
Spicy Fruit and Nut Cake,Cake
Spicy Fruit and Nut Cake,Dessert
Spicy Fruit and Nut Cake,Spiced
Strawberry Spice Loaf,Loaf
Strawberry Spice Loaf,Dessert
Strawberry Spice Loaf,Spiced
Three Layer Chocolate Mayonnaise Cake,Cake
Three Layer Chocolate Mayonnaise Cake,Dessert
Upside Down Cake,Cake
Upside Down Cake,Dessert
Blue Chip Cookies,Cookies
Blue Chip Cookies,Dessert
Bourbon Balls,Cookies
Bourbon Balls,Dessert
Bourbon Balls,Boozie
Chocolate Crisp Bran Cookies,Cookies
Chocolate Crisp Bran Cookies,Dessert
Chocolate Peanut Brunch Bars,Grain Bar
Chocolate Peanut Brunch Bars,Dessert
Chocolate Trio Squares,Dessert
